"=""ID""",Name,"Sent Time","UT measurement (mm)","Temperature (Â°C)",PSI,"Apply Temperature Compensation Flag"
"=""#00093""","=""P100254-2""","2017-05-16 05:58:15",7.064,281.93,,1
"=""#00093""","=""P100254-2""","2017-05-16 18:00:28",7.066,282.28,,1
"=""#00093""","=""P100254-2""","2017-05-17 06:03:24",7.067,282.59,,1
"=""#00093""","=""P100254-2""","2017-05-17 18:05:34",7.065,281.81,,1
"=""#00093""","=""P100254-2""","2017-05-18 06:07:59",7.064,283.94,,1
"=""#00093""","=""P100254-2""","2017-05-18 18:09:54",7.069,282.72,,1
"=""#00093""","=""P100254-2""","2017-05-19 06:11:56",7.064,282.06,,1
"=""#00093""","=""P100254-2""","2017-05-19 18:14:13",7.065,282.12,,1
"=""#00093""","=""P100254-2""","2017-05-20 06:16:16",7.064,282.06,,1
"=""#00093""","=""P100254-2""","2017-05-20 18:18:41",7.066,284.34,,1
"=""#00093""","=""P100254-2""","2017-05-21 06:20:38",7.07,285.56,,1
"=""#00093""","=""P100254-2""","2017-05-21 18:22:55",7.066,284.37,,1
"=""#00093""","=""P100254-2""","2017-05-22 06:25:33",7.063,285.22,,1
"=""#00093""","=""P100254-2""","2017-05-22 18:27:33",7.065,285.06,,1
"=""#00093""","=""P100254-2""","2017-05-23 06:29:18",7.064,285.25,,1
"=""#00093""","=""P100254-2""","2017-05-23 18:31:22",7.062,284.66,,1
"=""#00093""","=""P100254-2""","2017-05-24 06:33:12",7.064,285.87,,1
"=""#00093""","=""P100254-2""","2017-05-24 18:35:30",7.064,284.94,,1
"=""#00093""","=""P100254-2""","2017-05-25 06:37:57",7.066,287.19,,1
"=""#00093""","=""P100254-2""","2017-05-25 18:40:17",7.061,289.28,,1
"=""#00093""","=""P100254-2""","2017-05-26 06:42:35",7.066,289.07,,1
"=""#00093""","=""P100254-2""","2017-05-26 18:44:53",7.067,287.19,,1
"=""#00093""","=""P100254-2""","2017-05-27 06:46:55",7.064,288.28,,1
"=""#00093""","=""P100254-2""","2017-05-27 18:48:37",7.064,286.72,,1
"=""#00093""","=""P100254-2""","2017-05-28 06:51:00",7.062,280.47,,1
"=""#00093""","=""P100254-2""","2017-05-28 18:53:35",7.066,281.97,,1
"=""#00093""","=""P100254-2""","2017-05-29 06:55:40",7.067,281.66,,1
"=""#00093""","=""P100254-2""","2017-05-29 18:57:40",7.062,280.09,,1
"=""#00093""","=""P100254-2""","2017-05-30 06:59:44",7.066,280.03,,1
"=""#00093""","=""P100254-2""","2017-05-30 19:02:07",7.063,287.66,,1
"=""#00093""","=""P100254-2""","2017-05-31 07:04:30",7.067,289.84,,1
"=""#00093""","=""P100254-2""","2017-05-31 19:06:25",7.063,286.81,,1
"=""#00093""","=""P100254-2""","2017-06-01 07:08:27",7.064,287.69,,1
"=""#00093""","=""P100254-2""","2017-06-01 19:10:34",7.061,286.53,,1
"=""#00093""","=""P100254-2""","2017-06-02 07:12:32",7.059,283.31,,1
"=""#00093""","=""P100254-2""","2017-06-02 19:14:18",7.058,283.37,,1
"=""#00093""","=""P100254-2""","2017-06-03 07:16:15",7.057,283.97,,1
"=""#00093""","=""P100254-2""","2017-06-03 19:18:23",7.061,283.03,,1
"=""#00093""","=""P100254-2""","2017-06-04 07:21:29",7.06,283.22,,1
"=""#00093""","=""P100254-2""","2017-06-04 19:26:49",7.06,283.34,,1
"=""#00093""","=""P100254-2""","2017-06-05 07:28:51",7.06,283.31,,1
"=""#00093""","=""P100254-2""","2017-06-05 19:31:02",7.059,291.38,,1
"=""#00093""","=""P100254-2""","2017-06-06 07:33:06",7.066,290.5,,1
"=""#00093""","=""P100254-2""","2017-06-06 19:35:09",7.057,289.5,,1
"=""#00093""","=""P100254-2""","2017-06-07 07:37:03",7.059,288.75,,1
"=""#00093""","=""P100254-2""","2017-06-07 19:39:11",7.057,287.03,,1
"=""#00093""","=""P100254-2""","2017-06-08 07:41:18",7.064,284.56,,1
"=""#00093""","=""P100254-2""","2017-06-08 19:43:23",7.06,285.12,,1
"=""#00093""","=""P100254-2""","2017-06-09 07:45:23",7.058,285.12,,1
"=""#00093""","=""P100254-2""","2017-06-09 19:47:12",7.058,285.5,,1
"=""#00093""","=""P100254-2""","2017-06-10 07:49:30",7.058,285.5,,1
"=""#00093""","=""P100254-2""","2017-06-10 19:51:57",7.06,285.19,,1
"=""#00093""","=""P100254-2""","2017-06-11 07:54:05",7.066,285.22,,1
"=""#00093""","=""P100254-2""","2017-06-11 19:56:42",7.059,288.25,,1
"=""#00093""","=""P100254-2""","2017-06-12 07:58:38",7.06,290.16,,1
"=""#00093""","=""P100254-2""","2017-06-12 20:01:03",7.057,287.69,,1
"=""#00093""","=""P100254-2""","2017-06-13 08:03:23",7.062,288.38,,1
"=""#00093""","=""P100254-2""","2017-06-13 20:05:41",7.06,288.66,,1
"=""#00093""","=""P100254-2""","2017-06-14 08:08:06",7.059,288.54,,1
"=""#00093""","=""P100254-2""","2017-06-14 20:10:20",7.059,283.06,,1
"=""#00093""","=""P100254-2""","2017-06-15 08:12:36",7.062,282.5,,1
"=""#00093""","=""P100254-2""","2017-06-15 20:15:19",7.058,282.34,,1
"=""#00093""","=""P100254-2""","2017-06-16 08:17:55",7.058,282.68,,1
"=""#00093""","=""P100254-2""","2017-06-16 20:20:05",7.058,282.15,,1
"=""#00093""","=""P100254-2""","2017-06-17 08:22:33",7.062,278.62,,1
"=""#00093""","=""P100254-2""","2017-06-17 20:24:43",7.057,280.18,,1
"=""#00093""","=""P100254-2""","2017-06-18 08:26:50",7.056,280.87,,1
"=""#00093""","=""P100254-2""","2017-06-18 20:28:47",7.056,280.84,,1
"=""#00093""","=""P100254-2""","2017-06-19 08:30:39",7.059,281.75,,1
"=""#00093""","=""P100254-2""","2017-06-19 20:32:33",7.053,281.43,,1
"=""#00093""","=""P100254-2""","2017-06-20 08:35:01",7.057,281.75,,1
"=""#00093""","=""P100254-2""","2017-06-20 20:37:11",7.054,281.43,,1
"=""#00093""","=""P100254-2""","2017-06-21 08:39:35",7.061,280.49,,1
"=""#00093""","=""P100254-2""","2017-06-21 20:42:13",7.052,282.75,,1
"=""#00093""","=""P100254-2""","2017-06-22 08:44:22",7.052,287.66,,1
"=""#00093""","=""P100254-2""","2017-06-22 20:45:59",7.061,289,,1
"=""#00093""","=""P100254-2""","2017-06-23 08:48:52",7.058,287.41,,1
"=""#00093""","=""P100254-2""","2017-06-23 20:50:50",7.062,287.69,,1
"=""#00093""","=""P100254-2""","2017-06-24 08:52:43",7.057,287.06,,1
"=""#00093""","=""P100254-2""","2017-06-24 20:56:18",7.058,288.06,,1
"=""#00093""","=""P100254-2""","2017-06-25 08:59:30",7.056,287.72,,1
"=""#00093""","=""P100254-2""","2017-06-25 21:01:29",7.055,288.06,,1
"=""#00093""","=""P100254-2""","2017-06-26 09:03:35",7.06,287.72,,1
"=""#00093""","=""P100254-2""","2017-06-26 21:05:39",7.054,286.72,,1
"=""#00093""","=""P100254-2""","2017-06-27 09:07:52",7.06,284.28,,1
"=""#00093""","=""P100254-2""","2017-06-27 21:10:48",7.054,285.56,,1
"=""#00093""","=""P100254-2""","2017-06-28 09:15:10",7.056,285.47,,1
"=""#00093""","=""P100254-2""","2017-06-28 21:18:40",7.051,285.78,,1
"=""#00093""","=""P100254-2""","2017-06-29 09:21:31",7.052,285.75,,1
"=""#00093""","=""P100254-2""","2017-06-29 21:23:46",7.049,285.78,,1
"=""#00093""","=""P100254-2""","2017-06-30 09:26:22",7.048,285.75,,1
"=""#00093""","=""P100254-2""","2017-06-30 21:28:01",7.05,282.03,,1
"=""#00093""","=""P100254-2""","2017-07-01 09:30:29",7.046,287.72,,1
"=""#00093""","=""P100254-2""","2017-07-01 21:32:18",7.053,285.81,,1
"=""#00093""","=""P100254-2""","2017-07-02 09:34:38",7.049,287.66,,1
"=""#00093""","=""P100254-2""","2017-07-02 21:37:06",7.044,278.87,,1
"=""#00093""","=""P100254-2""","2017-07-03 09:39:10",7.05,279.34,,1
"=""#00093""","=""P100254-2""","2017-07-03 21:41:44",7.049,278.15,,1
"=""#00093""","=""P100254-2""","2017-07-04 09:43:49",7.046,279.56,,1
"=""#00093""","=""P100254-2""","2017-07-04 21:46:14",7.047,278.43,,1
"=""#00093""","=""P100254-2""","2017-07-05 09:48:44",7.047,277.99,,1
"=""#00093""","=""P100254-2""","2017-07-05 21:51:07",7.047,279.52,,1
"=""#00093""","=""P100254-2""","2017-07-06 09:54:16",7.046,279.21,,1
"=""#00093""","=""P100254-2""","2017-07-06 21:57:01",7.043,282.28,,1
"=""#00093""","=""P100254-2""","2017-07-07 10:00:00",7.048,282.9,,1
"=""#00093""","=""P100254-2""","2017-07-07 22:02:06",7.048,281.78,,1
"=""#00093""","=""P100254-2""","2017-07-08 10:04:25",7.049,281.93,,1
"=""#00093""","=""P100254-2""","2017-07-08 22:06:45",7.042,282.93,,1
"=""#00093""","=""P100254-2""","2017-07-09 10:08:38",7.041,282.68,,1
"=""#00093""","=""P100254-2""","2017-07-09 22:10:57",7.045,282.31,11,1
"=""#00093""","=""P100254-2""","2017-07-10 10:13:18",7.042,282.4,11,1
"=""#00093""","=""P100254-2""","2017-07-10 22:16:06",7.044,282.62,11,1
"=""#00093""","=""P100254-2""","2017-07-11 10:17:53",7.045,281.93,11,1
"=""#00093""","=""P100254-2""","2017-07-11 22:20:24",7.043,282.03,11,1
"=""#00093""","=""P100254-2""","2017-07-12 10:22:39",7.049,282.15,11,1
"=""#00093""","=""P100254-2""","2017-07-12 22:25:14",7.043,281.71,11,1
"=""#00093""","=""P100254-2""","2017-07-13 10:27:57",7.041,282.94,11,1
"=""#00093""","=""P100254-2""","2017-07-13 22:30:51",7.041,281.65,8,1
"=""#00093""","=""P100254-2""","2017-07-14 10:33:14",7.038,281.71,6,1
"=""#00093""","=""P100254-2""","2017-07-14 22:35:52",7.047,285.19,6,1
"=""#00093""","=""P100254-2""","2017-07-15 10:39:39",7.044,284.62,6,1
"=""#00093""","=""P100254-2""","2017-07-15 22:43:50",7.047,286.47,6,1
"=""#00093""","=""P100254-2""","2017-07-16 10:47:06",7.046,286.22,6,1
"=""#00093""","=""P100254-2""","2017-07-16 22:49:47",7.038,287.28,6,1
"=""#00093""","=""P100254-2""","2017-07-17 10:52:55",7.045,287.97,6,1
"=""#00093""","=""P100254-2""","2017-07-17 22:55:13",7.039,288.25,6,1
"=""#00093""","=""P100254-2""","2017-07-18 10:57:31",7.042,285.84,6,1
"=""#00093""","=""P100254-2""","2017-07-18 23:00:24",7.047,287.22,6,1
"=""#00093""","=""P100254-2""","2017-07-19 11:02:34",7.042,287.01,7,1
"=""#00093""","=""P100254-2""","2017-07-19 23:05:20",7.043,285.58,7,1
"=""#00093""","=""P100254-2""","2017-07-20 11:08:06",7.044,287,7,1
"=""#00093""","=""P100254-2""","2017-07-20 23:10:38",7.049,290.19,7,1
"=""#00093""","=""P100254-2""","2017-07-21 11:13:57",7.046,289.31,8,1
"=""#00093""","=""P100254-2""","2017-07-21 23:16:49",7.047,289.16,8,1
"=""#00093""","=""P100254-2""","2017-07-22 11:19:37",7.044,289.56,7,1
"=""#00093""","=""P100254-2""","2017-07-22 23:22:13",7.047,286.72,7,1
"=""#00093""","=""P100254-2""","2017-07-23 11:25:14",7.042,287.37,7,1
"=""#00093""","=""P100254-2""","2017-07-23 23:27:32",7.046,287.22,7,1
"=""#00093""","=""P100254-2""","2017-07-24 11:30:33",7.043,283.6,5,1
"=""#00093""","=""P100254-2""","2017-07-24 23:33:46",7.043,281.93,5,1
"=""#00093""","=""P100254-2""","2017-07-25 11:36:35",7.049,281.4,5,1
"=""#00093""","=""P100254-2""","2017-07-25 23:39:47",7.047,281.09,5,1
"=""#00093""","=""P100254-2""","2017-07-26 11:42:12",7.041,280.24,6,1
"=""#00093""","=""P100254-2""","2017-07-26 23:45:15",7.041,280.71,6,1
"=""#00093""","=""P100254-2""","2017-07-27 11:48:22",7.044,280.06,6,1
"=""#00093""","=""P100254-2""","2017-07-27 23:51:05",7.035,281.22,6,1
"=""#00093""","=""P100254-2""","2017-07-28 11:54:26",7.038,281.09,6,1
"=""#00093""","=""P100254-2""","2017-07-28 23:57:28",7.041,282.31,6,1
"=""#00093""","=""P100254-2""","2017-07-29 11:59:35",7.039,283.37,6,1
"=""#00093""","=""P100254-2""","2017-07-30 00:02:26",7.046,283.9,6,1
"=""#00093""","=""P100254-2""","2017-07-30 12:04:49",7.037,283.59,6,1
"=""#00093""","=""P100254-2""","2017-07-31 00:06:46",7.047,282.97,6,1
"=""#00093""","=""P100254-2""","2017-07-31 12:09:21",7.039,282.97,6,1
"=""#00093""","=""P100254-2""","2017-08-01 00:11:24",7.039,283.22,6,1
"=""#00093""","=""P100254-2""","2017-08-01 12:13:46",7.039,283.37,6,1
"=""#00093""","=""P100254-2""","2017-08-02 00:16:57",7.045,283.34,6,1
"=""#00093""","=""P100254-2""","2017-08-02 12:19:25",7.039,284.56,6,1
"=""#00093""","=""P100254-2""","2017-08-03 00:21:30",7.042,284.56,6,1
"=""#00093""","=""P100254-2""","2017-08-03 12:23:48",7.041,284.87,6,1
"=""#00093""","=""P100254-2""","2017-08-04 00:26:06",7.04,292.37,6,1
"=""#00093""","=""P100254-2""","2017-08-04 12:29:07",7.041,293.59,6,1
"=""#00093""","=""P100254-2""","2017-08-05 00:34:26",7.039,292.91,6,1
"=""#00093""","=""P100254-2""","2017-08-05 12:37:37",7.038,289.25,6,1
"=""#00093""","=""P100254-2""","2017-08-06 00:39:55",7.04,290.09,6,1
"=""#00093""","=""P100254-2""","2017-08-06 12:42:12",7.038,294.19,6,1
"=""#00093""","=""P100254-2""","2017-08-07 00:44:38",7.041,296.59,6,1
"=""#00093""","=""P100254-2""","2017-08-07 12:47:03",7.037,296.47,6,1
"=""#00093""","=""P100254-2""","2017-08-08 00:49:07",7.037,291.06,6,1
"=""#00093""","=""P100254-2""","2017-08-08 12:51:17",7.038,288.34,6,1
"=""#00093""","=""P100254-2""","2017-08-09 00:53:34",7.042,286.37,6,1
"=""#00093""","=""P100254-2""","2017-08-09 12:55:35",7.04,283.4,6,1
"=""#00093""","=""P100254-2""","2017-08-10 00:57:58",7.039,287.66,6,1
"=""#00093""","=""P100254-2""","2017-08-10 13:00:07",7.04,286.19,6,1
"=""#00093""","=""P100254-2""","2017-08-11 01:02:27",7.036,286.37,6,1
"=""#00093""","=""P100254-2""","2017-08-11 13:05:13",7.044,286.91,6,1
"=""#00093""","=""P100254-2""","2017-08-12 01:07:29",7.042,287,7,1
"=""#00093""","=""P100254-2""","2017-08-12 13:10:15",7.039,287.5,7,1
"=""#00093""","=""P100254-2""","2017-08-13 01:12:17",7.036,287.34,7,1
"=""#00093""","=""P100254-2""","2017-08-13 13:15:00",7.042,289.42,9,1
"=""#00093""","=""P100254-2""","2017-08-14 01:17:40",7.039,291.97,8,1
"=""#00093""","=""P100254-2""","2017-08-14 13:20:44",7.038,290.84,8,1
"=""#00093""","=""P100254-2""","2017-08-15 01:23:01",7.04,291.06,8,1
"=""#00093""","=""P100254-2""","2017-08-15 13:25:45",7.039,289.91,8,1
"=""#00093""","=""P100254-2""","2017-08-16 01:28:10",7.042,286.16,8,1
"=""#00093""","=""P100254-2""","2017-08-16 13:30:55",7.04,285.78,8,1
"=""#00093""","=""P100254-2""","2017-08-17 01:33:28",7.043,287.31,8,1
"=""#00093""","=""P100254-2""","2017-08-17 13:36:03",7.038,285.75,9,1
"=""#00093""","=""P100254-2""","2017-08-18 01:38:18",7.04,288.28,9,1
"=""#00093""","=""P100254-2""","2017-08-18 13:40:40",7.039,288,9,1
"=""#00093""","=""P100254-2""","2017-08-19 01:42:54",7.042,287.85,9,1
"=""#00093""","=""P100254-2""","2017-08-19 13:45:05",7.038,288.28,9,1
"=""#00093""","=""P100254-2""","2017-08-20 01:47:33",7.047,289.75,9,1
"=""#00093""","=""P100254-2""","2017-08-20 13:49:53",7.039,288.69,9,1
"=""#00093""","=""P100254-2""","2017-08-21 01:52:34",7.043,287.59,9,1
"=""#00093""","=""P100254-2""","2017-08-21 13:55:03",7.041,286.5,9,1
"=""#00093""","=""P100254-2""","2017-08-22 02:15:52",7.044,287.37,9,1
"=""#00093""","=""P100254-2""","2017-08-22 14:18:17",7.039,285.53,9,1
"=""#00093""","=""P100254-2""","2017-08-23 02:20:46",7.039,285.12,9,1
"=""#00093""","=""P100254-2""","2017-08-23 14:23:57",7.037,285.87,9,1
"=""#00093""","=""P100254-2""","2017-08-24 02:25:57",7.037,283.78,9,1
"=""#00093""","=""P100254-2""","2017-08-24 14:28:43",7.034,283.03,9,1
"=""#00093""","=""P100254-2""","2017-08-25 02:30:45",7.041,281.09,9,1
"=""#00093""","=""P100254-2""","2017-08-25 14:33:14",7.034,282.03,9,1
"=""#00093""","=""P100254-2""","2017-08-26 02:35:41",7.039,283.44,9,1
"=""#00093""","=""P100254-2""","2017-08-26 14:38:11",7.039,282.37,9,1
"=""#00093""","=""P100254-2""","2017-08-27 02:40:41",7.042,282.07,9,1
"=""#00093""","=""P100254-2""","2017-08-27 14:43:22",7.034,282,9,1
"=""#00093""","=""P100254-2""","2017-08-28 02:45:49",7.04,285.31,9,1
"=""#00093""","=""P100254-2""","2017-08-28 14:48:28",7.036,282.65,9,1
"=""#00093""","=""P100254-2""","2017-08-29 02:51:02",7.04,286.06,9,1
"=""#00093""","=""P100254-2""","2017-08-29 14:53:22",7.032,285.37,9,1
"=""#00093""","=""P100254-2""","2017-08-30 02:55:52",7.035,285.72,9,1
"=""#00093""","=""P100254-2""","2017-08-30 14:58:22",7.034,283.59,9,1
"=""#00093""","=""P100254-2""","2017-08-31 03:01:20",7.038,283.28,9,1
"=""#00093""","=""P100254-2""","2017-08-31 15:03:20",7.035,283.34,9,1
"=""#00093""","=""P100254-2""","2017-09-01 03:05:41",7.036,281.37,9,1
"=""#00093""","=""P100254-2""","2017-09-01 15:08:13",7.037,288,9,1
"=""#00093""","=""P100254-2""","2017-09-02 03:11:17",7.041,287.19,9,1
"=""#00093""","=""P100254-2""","2017-09-02 15:13:33",7.037,287.13,9,1
"=""#00093""","=""P100254-2""","2017-09-03 03:15:58",7.037,287.03,9,1
"=""#00093""","=""P100254-2""","2017-09-03 15:18:19",7.03,284,9,1
"=""#00093""","=""P100254-2""","2017-09-04 03:20:37",7.036,282.34,9,1
"=""#00093""","=""P100254-2""","2017-09-04 15:23:21",7.036,282.37,9,1
"=""#00093""","=""P100254-2""","2017-09-05 03:25:49",7.035,282,9,1
"=""#00093""","=""P100254-2""","2017-09-05 15:28:11",7.037,280.81,9,1
"=""#00093""","=""P100254-2""","2017-09-06 03:30:42",7.039,280.98,9,1
"=""#00093""","=""P100254-2""","2017-09-06 15:32:56",7.034,286.5,9,1
"=""#00093""","=""P100254-2""","2017-09-07 03:35:17",7.035,289.81,9,1
"=""#00093""","=""P100254-2""","2017-09-07 15:37:46",7.036,287.44,9,1
"=""#00093""","=""P100254-2""","2017-09-08 03:40:15",7.035,287.97,9,1
"=""#00093""","=""P100254-2""","2017-09-08 15:42:40",7.036,285.84,9,1
"=""#00093""","=""P100254-2""","2017-09-09 03:45:25",7.042,285.84,9,1
"=""#00093""","=""P100254-2""","2017-09-09 15:47:20",7.035,284,9,1
"=""#00093""","=""P100254-2""","2017-09-10 03:49:33",7.038,283.31,9,1
"=""#00093""","=""P100254-2""","2017-09-10 15:51:17",7.038,283.06,9,1
"=""#00093""","=""P100254-2""","2017-09-11 03:53:12",7.039,282.09,9,1
"=""#00093""","=""P100254-2""","2017-09-11 15:57:07",7.034,283.62,9,1
"=""#00093""","=""P100254-2""","2017-09-12 04:02:16",7.036,284.03,10,1
"=""#00093""","=""P100254-2""","2017-09-12 16:06:37",7.034,284.03,10,1
"=""#00093""","=""P100254-2""","2017-09-13 04:08:34",7.036,283.31,10,1
"=""#00093""","=""P100254-2""","2017-09-13 16:10:59",7.035,283.12,10,1
"=""#00093""","=""P100254-2""","2017-09-14 04:13:18",7.033,282.75,10,1
"=""#00093""","=""P100254-2""","2017-09-14 16:15:23",7.036,280.62,10,1
"=""#00093""","=""P100254-2""","2017-09-15 04:17:41",7.034,283.51,9,1
"=""#00093""","=""P100254-2""","2017-09-15 16:19:49",7.034,283.37,9,1
"=""#00093""","=""P100254-2""","2017-09-16 04:22:01",7.035,283.53,9,1
"=""#00093""","=""P100254-2""","2017-09-16 16:24:14",7.033,281.43,9,1
"=""#00093""","=""P100254-2""","2017-09-17 04:26:28",7.038,281.28,9,1
"=""#00093""","=""P100254-2""","2017-09-17 16:28:38",7.034,281.62,9,1
"=""#00093""","=""P100254-2""","2017-09-18 04:31:02",7.041,280.71,9,1
"=""#00093""","=""P100254-2""","2017-09-18 16:33:16",7.041,278.28,9,1
"=""#00093""","=""P100254-2""","2017-09-19 04:35:29",7.036,280.21,10,1
"=""#00093""","=""P100254-2""","2017-09-19 16:38:08",7.04,285.95,9,1
"=""#00093""","=""P100254-2""","2017-09-20 04:39:57",7.04,286.53,9,1
"=""#00093""","=""P100254-2""","2017-09-20 16:42:05",7.038,285.91,10,1
"=""#00093""","=""P100254-2""","2017-09-21 04:44:17",7.043,285.91,10,1
"=""#00093""","=""P100254-2""","2017-09-21 16:46:53",7.032,285.56,10,1
"=""#00093""","=""P100254-2""","2017-09-22 04:49:20",7.045,284.05,11,1
"=""#00093""","=""P100254-2""","2017-09-22 16:51:33",7.035,285.82,11,1
"=""#00093""","=""P100254-2""","2017-09-23 04:53:45",7.039,288.31,11,1
"=""#00093""","=""P100254-2""","2017-09-23 16:55:42",7.037,289.19,11,1
"=""#00093""","=""P100254-2""","2017-09-24 04:57:47",7.041,288.66,11,1
"=""#00093""","=""P100254-2""","2017-09-24 17:00:17",7.037,288.56,11,1
"=""#00093""","=""P100254-2""","2017-09-25 05:02:33",7.039,287.88,11,1
"=""#00093""","=""P100254-2""","2017-09-25 17:04:29",7.036,288.25,11,1
"=""#00093""","=""P100254-2""","2017-09-26 05:06:51",7.033,289.75,11,1
"=""#00093""","=""P100254-2""","2017-09-26 17:09:09",7.037,288.91,11,1
"=""#00093""","=""P100254-2""","2017-09-27 05:11:39",7.038,288.28,11,1
"=""#00093""","=""P100254-2""","2017-09-27 17:14:00",7.036,287.75,11,1
"=""#00093""","=""P100254-2""","2017-09-28 05:16:42",7.038,287.69,11,1
"=""#00093""","=""P100254-2""","2017-09-28 17:18:59",7.038,286.41,11,1
"=""#00093""","=""P100254-2""","2017-09-29 05:21:01",7.044,287.47,11,1
"=""#00093""","=""P100254-2""","2017-09-29 17:23:20",7.042,287.81,11,1
"=""#00093""","=""P100254-2""","2017-09-30 05:25:18",7.042,288.72,11,1
"=""#00093""","=""P100254-2""","2017-09-30 17:27:17",7.039,288.31,11,1
"=""#00093""","=""P100254-2""","2017-10-01 05:29:20",7.039,288.31,11,1
"=""#00093""","=""P100254-2""","2017-10-01 17:31:43",7.038,288.31,11,1
"=""#00093""","=""P100254-2""","2017-10-02 05:34:07",7.041,288.31,11,1
"=""#00093""","=""P100254-2""","2017-10-02 17:36:17",7.038,287.66,11,1
"=""#00093""","=""P100254-2""","2017-10-03 05:38:33",7.042,288.16,11,1
"=""#00093""","=""P100254-2""","2017-10-03 17:40:45",7.042,287.56,11,1
"=""#00093""","=""P100254-2""","2017-10-04 05:42:48",7.038,285.82,11,1
"=""#00093""","=""P100254-2""","2017-10-04 17:44:56",7.041,286.28,12,1
"=""#00093""","=""P100254-2""","2017-10-05 05:46:58",7.039,285.63,12,1
"=""#00093""","=""P100254-2""","2017-10-05 17:49:23",7.042,285.94,12,1
"=""#00093""","=""P100254-2""","2017-10-06 05:51:44",7.04,286.88,12,1
"=""#00093""","=""P100254-2""","2017-10-06 17:55:11",7.038,286.16,12,1
"=""#00093""","=""P100254-2""","2017-10-07 05:57:28",7.038,286.19,12,1
"=""#00093""","=""P100254-2""","2017-10-07 17:59:21",7.041,286,12,1
"=""#00093""","=""P100254-2""","2017-10-08 06:01:11",7.039,286.44,12,1
"=""#00093""","=""P100254-2""","2017-10-08 18:03:26",7.041,287.34,12,1
"=""#00093""","=""P100254-2""","2017-10-09 06:05:30",7.039,285.16,12,1
"=""#00093""","=""P100254-2""","2017-10-09 18:07:34",7.039,284.09,12,1
"=""#00093""","=""P100254-2""","2017-10-10 06:10:28",7.036,285.06,12,1
"=""#00093""","=""P100254-2""","2017-10-10 18:12:32",7.038,284.59,12,1
"=""#00093""","=""P100254-2""","2017-10-11 06:14:37",7.038,284.84,12,1
"=""#00093""","=""P100254-2""","2017-10-11 18:17:01",7.037,279.59,12,1
"=""#00093""","=""P100254-2""","2017-10-12 06:19:20",7.041,279.77,12,1
"=""#00093""","=""P100254-2""","2017-10-12 18:21:36",7.036,279.59,12,1
"=""#00093""","=""P100254-2""","2017-10-13 06:23:52",7.04,278.93,12,1
"=""#00093""","=""P100254-2""","2017-10-13 18:25:38",7.04,283.28,12,1
"=""#00093""","=""P100254-2""","2017-10-14 06:27:53",7.039,281.81,12,1
"=""#00093""","=""P100254-2""","2017-10-14 18:30:19",7.037,282.68,12,1
"=""#00093""","=""P100254-2""","2017-10-15 06:32:14",7.04,282,12,1
"=""#00093""","=""P100254-2""","2017-10-15 18:34:37",7.038,282.37,12,1
"=""#00093""","=""P100254-2""","2017-10-16 06:36:43",7.041,282,12,1
"=""#00093""","=""P100254-2""","2017-10-16 18:38:45",7.034,273.83,12,1
"=""#00093""","=""P100254-2""","2017-10-17 06:40:46",7.04,269.75,12,1
"=""#00093""","=""P100254-2""","2017-10-17 18:42:56",7.035,275.45,12,1
"=""#00093""","=""P100254-2""","2017-10-18 06:44:59",7.04,273.01,12,1
"=""#00093""","=""P100254-2""","2017-10-18 18:47:36",7.041,274.8,12,1
"=""#00093""","=""P100254-2""","2017-10-19 06:49:48",7.035,275.11,12,1
"=""#00093""","=""P100254-2""","2017-10-19 18:51:47",7.04,274.17,11,1
"=""#00093""","=""P100254-2""","2017-10-20 06:53:33",7.038,273.54,11,1
"=""#00093""","=""P100254-2""","2017-10-20 18:56:03",7.038,272.83,11,1
"=""#00093""","=""P100254-2""","2017-10-21 06:58:23",7.037,274.51,11,1
"=""#00093""","=""P100254-2""","2017-10-21 19:00:25",7.037,275.52,11,1
"=""#00093""","=""P100254-2""","2017-10-22 07:02:35",7.035,275.27,11,1
"=""#00093""","=""P100254-2""","2017-10-22 19:04:22",7.043,274.36,8,1
"=""#00093""","=""P100254-2""","2017-10-23 07:06:40",7.037,276.21,8,1
"=""#00093""","=""P100254-2""","2017-10-23 19:08:50",7.033,275.77,8,1
"=""#00093""","=""P100254-2""","2017-10-24 07:10:52",7.038,276.31,8,1
"=""#00093""","=""P100254-2""","2017-10-24 19:12:55",7.04,276.15,8,1
"=""#00093""","=""P100254-2""","2017-10-25 07:15:10",7.037,275.3,8,1
"=""#00093""","=""P100254-2""","2017-10-25 19:17:22",7.039,274.51,8,1
"=""#00093""","=""P100254-2""","2017-10-26 07:19:42",7.039,274.58,8,1
"=""#00093""","=""P100254-2""","2017-10-26 19:22:23",7.037,274.89,8,1
"=""#00093""","=""P100254-2""","2017-10-27 07:24:38",7.034,274.26,8,1
"=""#00093""","=""P100254-2""","2017-10-27 19:26:38",7.04,274.18,8,1
"=""#00093""","=""P100254-2""","2017-10-28 07:29:03",7.04,274.23,8,1
"=""#00093""","=""P100254-2""","2017-10-28 19:31:28",7.041,274.83,8,1
"=""#00093""","=""P100254-2""","2017-10-29 07:33:36",7.038,275.96,8,1
"=""#00093""","=""P100254-2""","2017-10-29 19:35:36",7.042,277.15,8,1
"=""#00093""","=""P100254-2""","2017-10-30 07:37:32",7.037,277.9,8,1
"=""#00093""","=""P100254-2""","2017-10-30 19:40:08",7.037,278.4,8,1
"=""#00093""","=""P100254-2""","2017-10-31 07:42:57",7.035,278.68,8,1
"=""#00093""","=""P100254-2""","2017-10-31 19:45:35",7.037,278.02,8,1
"=""#00093""","=""P100254-2""","2017-11-01 07:47:55",7.038,277.9,8,1
"=""#00093""","=""P100254-2""","2017-11-01 19:50:22",7.037,278.18,8,1
"=""#00093""","=""P100254-2""","2017-11-02 07:52:38",7.034,278.18,8,1
"=""#00093""","=""P100254-2""","2017-11-02 19:55:01",7.034,278.4,8,1
"=""#00093""","=""P100254-2""","2017-11-03 07:57:14",7.034,278.52,8,1
"=""#00093""","=""P100254-2""","2017-11-03 19:59:36",7.037,281.12,8,1
"=""#00093""","=""P100254-2""","2017-11-04 08:02:20",7.035,280.96,8,1
"=""#00093""","=""P100254-2""","2017-11-04 20:04:16",7.034,280.84,7,1
"=""#00093""","=""P100254-2""","2017-11-05 08:06:16",7.039,280.68,7,1
"=""#00093""","=""P100254-2""","2017-11-05 20:08:27",7.035,280.13,8,1
"=""#00093""","=""P100254-2""","2017-11-06 08:10:26",7.033,280.81,7,1
"=""#00093""","=""P100254-2""","2017-11-06 20:12:18",7.033,280.74,8,1
"=""#00093""","=""P100254-2""","2017-11-07 08:14:15",7.031,280,8,1
"=""#00093""","=""P100254-2""","2017-11-07 20:16:44",7.036,280.15,8,1
"=""#00093""","=""P100254-2""","2017-11-08 08:18:49",7.035,279.09,8,1
"=""#00093""","=""P100254-2""","2017-11-08 20:21:00",7.032,278.27,8,1
"=""#00093""","=""P100254-2""","2017-11-09 08:22:58",7.036,278.87,8,1
"=""#00093""","=""P100254-2""","2017-11-09 20:25:17",7.03,275.05,8,1
"=""#00093""","=""P100254-2""","2017-11-10 08:27:50",7.03,275.24,8,1
"=""#00093""","=""P100254-2""","2017-11-10 20:30:04",7.028,275.67,8,1
"=""#00093""","=""P100254-2""","2017-11-11 08:32:02",7.036,275.8,8,1
"=""#00093""","=""P100254-2""","2017-11-11 20:34:30",7.031,275.93,8,1
"=""#00093""","=""P100254-2""","2017-11-12 08:36:47",7.034,275.67,8,1
"=""#00093""","=""P100254-2""","2017-11-12 20:38:55",7.027,276.64,8,1
"=""#00093""","=""P100254-2""","2017-11-13 08:40:56",7.028,276.91,8,1
"=""#00093""","=""P100254-2""","2017-11-13 20:43:02",7.03,277.18,8,1
"=""#00093""","=""P100254-2""","2017-11-14 08:45:16",7.033,277.3,8,1
"=""#00093""","=""P100254-2""","2017-11-14 20:47:50",7.033,277.74,8,1
"=""#00093""","=""P100254-2""","2017-11-15 08:49:53",7.032,276.93,8,1
"=""#00093""","=""P100254-2""","2017-11-15 20:52:17",7.032,276.39,8,1
"=""#00093""","=""P100254-2""","2017-11-16 08:54:33",7.03,276.11,8,1
"=""#00093""","=""P100254-2""","2017-11-16 20:56:48",7.03,276.64,8,1
"=""#00093""","=""P100254-2""","2017-11-17 08:58:54",7.031,282.18,8,1
"=""#00093""","=""P100254-2""","2017-11-17 21:01:05",7.031,284.59,8,1
"=""#00093""","=""P100254-2""","2017-11-18 09:03:25",7.031,283.69,8,1
"=""#00093""","=""P100254-2""","2017-11-18 21:05:45",7.032,284.15,8,1
"=""#00093""","=""P100254-2""","2017-11-19 09:08:04",7.032,285.47,8,1
"=""#00093""","=""P100254-2""","2017-11-19 21:10:29",7.034,282,8,1
"=""#00093""","=""P100254-2""","2017-11-20 09:12:32",7.029,279.71,8,1
"=""#00093""","=""P100254-2""","2017-11-20 21:14:44",7.03,279.84,7,1
"=""#00093""","=""P100254-2""","2017-11-21 09:16:44",7.034,278.87,7,1
"=""#00093""","=""P100254-2""","2017-11-21 21:18:50",7.033,280.59,7,1
"=""#00093""","=""P100254-2""","2017-11-22 09:20:58",7.03,281.03,6,1
"=""#00093""","=""P100254-2""","2017-11-22 21:23:00",7.031,280.06,6,1
"=""#00093""","=""P100254-2""","2017-11-23 09:25:08",7.033,279.65,6,1
"=""#00093""","=""P100254-2""","2017-11-23 21:27:21",7.029,280.18,6,1
"=""#00093""","=""P100254-2""","2017-11-24 09:29:40",7.031,280.21,6,1
"=""#00093""","=""P100254-2""","2017-11-24 21:31:14",7.028,280.43,6,1
"=""#00093""","=""P100254-2""","2017-11-25 09:33:06",7.029,283.15,6,1
"=""#00093""","=""P100254-2""","2017-11-25 21:35:31",7.028,284.09,6,1
"=""#00093""","=""P100254-2""","2017-11-26 09:37:40",7.037,281.19,6,1
"=""#00093""","=""P100254-2""","2017-11-26 21:39:49",7.029,283.69,6,1
"=""#00093""","=""P100254-2""","2017-11-27 09:42:06",7.031,283.28,6,1
"=""#00093""","=""P100254-2""","2017-11-27 21:44:16",7.029,282.68,6,1
"=""#00093""","=""P100254-2""","2017-11-28 09:46:29",7.033,283.19,6,1
"=""#00093""","=""P100254-2""","2017-11-28 21:48:44",7.03,282.78,5,1
"=""#00093""","=""P100254-2""","2017-11-29 09:50:41",7.034,282.97,5,1
"=""#00093""","=""P100254-2""","2017-11-29 21:52:53",7.031,281.59,5,1
"=""#00093""","=""P100254-2""","2017-11-30 09:55:16",7.033,281.9,5,1
"=""#00093""","=""P100254-2""","2017-11-30 21:57:38",7.033,281.46,5,1
"=""#00093""","=""P100254-2""","2017-12-01 10:00:03",7.034,280.65,5,1
"=""#00093""","=""P100254-2""","2017-12-01 22:02:23",7.031,281.43,5,1
"=""#00093""","=""P100254-2""","2017-12-02 10:04:56",7.035,280.01,5,1
"=""#00093""","=""P100254-2""","2017-12-02 22:07:10",7.031,280.28,5,1
"=""#00093""","=""P100254-2""","2017-12-03 10:09:46",7.034,278.99,5,1
"=""#00093""","=""P100254-2""","2017-12-03 22:12:16",7.03,278.02,4,1
"=""#00093""","=""P100254-2""","2017-12-04 10:14:50",7.032,277.72,4,1
"=""#00093""","=""P100254-2""","2017-12-04 22:17:06",7.033,274.01,4,1
"=""#00093""","=""P100254-2""","2017-12-05 10:19:03",7.035,274.65,4,1
"=""#00093""","=""P100254-2""","2017-12-05 22:21:49",7.03,275.08,4,1
"=""#00093""","=""P100254-2""","2017-12-06 10:24:35",7.033,274.23,4,1
"=""#00093""","=""P100254-2""","2017-12-06 22:27:21",7.031,273.67,4,1
"=""#00093""","=""P100254-2""","2017-12-07 10:30:14",7.032,274.55,4,1
"=""#00093""","=""P100254-2""","2017-12-07 22:32:45",7.031,275.93,4,1
"=""#00093""","=""P100254-2""","2017-12-08 10:35:10",7.036,276.14,4,1
"=""#00093""","=""P100254-2""","2018-01-23 11:01:56",7.03,283.44,5,1
"=""#00093""","=""P100254-2""","2018-01-23 23:04:22",7.03,284.06,5,1
"=""#00093""","=""P100254-2""","2018-01-24 11:06:37",7.028,284.37,6,1
"=""#00093""","=""P100254-2""","2018-01-24 23:09:42",7.032,284.03,6,1
"=""#00093""","=""P100254-2""","2018-01-25 11:12:10",7.033,284.5,6,1
"=""#00093""","=""P100254-2""","2018-01-25 23:14:37",7.031,285,6,1
"=""#00093""","=""P100254-2""","2018-01-26 11:16:36",7.028,285.44,6,1
"=""#00093""","=""P100254-2""","2018-01-26 23:18:38",7.034,285.28,6,1
"=""#00093""","=""P100254-2""","2018-01-27 11:20:57",7.032,284.47,7,1
"=""#00093""","=""P100254-2""","2018-01-27 23:23:18",7.033,284.31,7,1
"=""#00093""","=""P100254-2""","2018-01-28 11:25:13",7.029,284.37,7,1
"=""#00093""","=""P100254-2""","2018-01-28 23:27:10",7.025,284,7,1
"=""#00093""","=""P100254-2""","2018-01-29 11:29:36",7.031,283.81,7,1
"=""#00093""","=""P100254-2""","2018-01-29 23:31:15",7.032,284.09,7,1
"=""#00093""","=""P100254-2""","2018-01-30 11:33:00",7.027,284.25,7,1
"=""#00093""","=""P100254-2""","2018-01-30 23:35:15",7.029,287.25,7,1
"=""#00093""","=""P100254-2""","2018-01-31 11:37:29",7.035,286.04,7,1
"=""#00093""","=""P100254-2""","2018-01-31 23:39:23",7.032,286.94,7,1
"=""#00093""","=""P100254-2""","2018-02-01 11:41:38",7.032,284.55,7,1
"=""#00093""","=""P100254-2""","2018-02-01 23:43:49",7.032,286.56,7,1
"=""#00093""","=""P100254-2""","2018-02-02 11:45:58",7.035,286.64,7,1
"=""#00093""","=""P100254-2""","2018-02-02 23:48:28",7.034,285.69,7,1
"=""#00093""","=""P100254-2""","2018-02-03 11:50:29",7.036,286.13,7,1
"=""#00093""","=""P100254-2""","2018-02-03 23:52:38",7.03,286.47,7,1
"=""#00093""","=""P100254-2""","2018-02-04 11:54:48",7.035,286.31,7,1
"=""#00093""","=""P100254-2""","2018-02-04 23:56:59",7.031,286.59,7,1
"=""#00093""","=""P100254-2""","2018-02-05 11:59:16",7.032,285.46,6,1
"=""#00093""","=""P100254-2""","2018-02-06 00:01:43",7.029,287.69,5,1
"=""#00093""","=""P100254-2""","2018-02-06 12:04:09",7.031,284.14,2,1
"=""#00093""","=""P100254-2""","2018-02-07 00:06:18",7.027,287.01,2,1
"=""#00093""","=""P100254-2""","2018-02-07 12:08:13",7.032,287.09,2,1
"=""#00093""","=""P100254-2""","2018-02-08 00:10:35",7.039,286.13,2,1
"=""#00093""","=""P100254-2""","2018-02-08 12:12:41",7.035,284,2,1
"=""#00093""","=""P100254-2""","2018-02-09 00:15:01",7.03,280.53,2,1
"=""#00093""","=""P100254-2""","2018-02-09 12:16:59",7.031,281.4,2,1
"=""#00093""","=""P100254-2""","2018-02-10 00:19:21",7.024,281.22,2,1
"=""#00093""","=""P100254-2""","2018-02-10 12:21:42",7.028,281.68,2,1
"=""#00093""","=""P100254-2""","2018-02-11 00:24:07",7.033,282.16,2,1
"=""#00093""","=""P100254-2""","2018-02-11 12:26:06",7.026,282.62,2,1
"=""#00093""","=""P100254-2""","2018-02-12 00:28:14",7.031,282.47,2,1
"=""#00093""","=""P100254-2""","2018-02-12 12:30:25",7.034,284.69,2,1
"=""#00093""","=""P100254-2""","2018-02-13 00:32:18",7.031,282.9,2,1
"=""#00093""","=""P100254-2""","2018-02-13 12:34:18",7.032,287.93,2,1
"=""#00093""","=""P100254-2""","2018-02-14 00:36:36",7.032,289.81,2,1
"=""#00093""","=""P100254-2""","2018-02-14 12:38:51",7.029,291.09,2,1
"=""#00093""","=""P100254-2""","2018-02-15 00:41:13",7.034,291.85,2,1
"=""#00093""","=""P100254-2""","2018-02-15 12:43:37",7.03,291.34,2,1
"=""#00093""","=""P100254-2""","2018-02-16 00:45:46",7.032,285.54,2,1
"=""#00093""","=""P100254-2""","2018-02-16 12:47:41",7.033,281.37,2,1
"=""#00093""","=""P100254-2""","2018-02-17 00:50:14",7.033,284.03,2,1
"=""#00093""","=""P100254-2""","2018-02-17 12:52:17",7.028,285.19,3,1
"=""#00093""","=""P100254-2""","2018-02-18 00:54:36",7.029,285.03,3,1
"=""#00093""","=""P100254-2""","2018-02-18 12:56:56",7.031,285.47,3,1
"=""#00093""","=""P100254-2""","2018-02-19 00:59:13",7.031,283.72,3,1
"=""#00093""","=""P100254-2""","2018-02-19 13:01:04",7.03,281.28,3,1
"=""#00093""","=""P100254-2""","2018-02-20 01:03:37",7.031,281.19,3,1
"=""#00093""","=""P100254-2""","2018-02-20 13:05:52",7.032,289.1,3,1
"=""#00093""","=""P100254-2""","2018-02-21 01:08:11",7.03,289.03,3,1
"=""#00093""","=""P100254-2""","2018-02-21 13:10:20",7.029,289.84,4,1
"=""#00093""","=""P100254-2""","2018-02-22 01:12:37",7.029,289.32,4,1
"=""#00093""","=""P100254-2""","2018-02-22 13:15:06",7.026,289.25,4,1
"=""#00093""","=""P100254-2""","2018-02-23 01:17:42",7.031,290.03,4,1
"=""#00093""","=""P100254-2""","2018-02-23 13:19:26",7.031,288.5,4,1
"=""#00093""","=""P100254-2""","2018-02-24 01:21:37",7.03,289.69,4,1
"=""#00093""","=""P100254-2""","2018-02-24 13:23:49",7.028,289.25,4,1
"=""#00093""","=""P100254-2""","2018-02-25 01:26:20",7.038,289.16,4,1
"=""#00093""","=""P100254-2""","2018-02-25 13:28:22",7.029,287.13,4,1
"=""#00093""","=""P100254-2""","2018-02-26 01:30:14",7.03,288.44,4,1
"=""#00093""","=""P100254-2""","2018-02-26 13:32:47",7.029,284.22,4,1
"=""#00093""","=""P100254-2""","2018-02-27 01:34:49",7.033,281.03,4,1
"=""#00093""","=""P100254-2""","2018-02-27 13:36:58",7.032,278.27,4,1
"=""#00093""","=""P100254-2""","2018-02-28 01:38:57",7.035,279.46,4,1
"=""#00093""","=""P100254-2""","2018-02-28 13:41:17",7.027,277.3,4,1
"=""#00093""","=""P100254-2""","2018-03-01 01:43:06",7.033,282.5,4,1
"=""#00093""","=""P100254-2""","2018-03-01 13:45:23",7.032,282.31,5,1
"=""#00093""","=""P100254-2""","2018-03-02 01:47:35",7.03,282.84,5,1
"=""#00093""","=""P100254-2""","2018-03-02 13:49:36",7.026,282.09,5,1
"=""#00093""","=""P100254-2""","2018-03-03 01:51:36",7.026,282.22,5,1
"=""#00093""","=""P100254-2""","2018-03-03 13:53:31",7.024,280.15,5,1
"=""#00093""","=""P100254-2""","2018-03-04 01:55:50",7.027,281.59,5,1
"=""#00093""","=""P100254-2""","2018-03-04 13:57:52",7.025,281.75,5,1
"=""#00093""","=""P100254-2""","2018-03-05 02:00:06",7.031,284.09,5,1
"=""#00093""","=""P100254-2""","2018-03-05 14:02:05",7.025,282.75,5,1
"=""#00093""","=""P100254-2""","2018-03-06 02:03:49",7.026,283.19,6,1
"=""#00093""","=""P100254-2""","2018-03-06 14:06:16",7.027,283.03,6,1
"=""#00093""","=""P100254-2""","2018-03-07 02:08:19",7.027,283.53,6,1
"=""#00093""","=""P100254-2""","2018-03-07 14:10:27",7.029,283.34,6,1
"=""#00093""","=""P100254-2""","2018-03-08 02:12:32",7.03,284.15,6,1
"=""#00093""","=""P100254-2""","2018-03-08 14:14:57",7.031,283.4,6,1
"=""#00093""","=""P100254-2""","2018-03-09 02:17:08",7.03,284.12,6,1
"=""#00093""","=""P100254-2""","2018-03-09 14:19:18",7.033,283.38,6,1
"=""#00093""","=""P100254-2""","2018-03-10 02:21:33",7.033,284,6,1
"=""#00093""","=""P100254-2""","2018-03-10 14:23:36",7.033,282.68,6,1
"=""#00093""","=""P100254-2""","2018-03-11 02:26:18",7.034,284.09,6,1
"=""#00093""","=""P100254-2""","2018-03-11 14:28:15",7.03,283.97,6,1
"=""#00093""","=""P100254-2""","2018-03-12 02:30:27",7.03,285.37,6,1
"=""#00093""","=""P100254-2""","2018-03-12 14:32:55",7.028,282.68,6,1
"=""#00093""","=""P100254-2""","2018-03-13 02:34:57",7.03,283.47,6,1
"=""#00093""","=""P100254-2""","2018-03-13 14:37:01",7.031,282.34,6,1
"=""#00093""","=""P100254-2""","2018-03-14 02:39:07",7.032,283.81,6,1
"=""#00093""","=""P100254-2""","2018-03-14 14:41:26",7.033,283.9,6,1
"=""#00093""","=""P100254-2""","2018-03-15 02:43:42",7.033,284.15,6,1
"=""#00093""","=""P100254-2""","2018-03-15 14:45:35",7.031,283.65,6,1
"=""#00093""","=""P100254-2""","2018-03-16 02:47:59",7.031,276.93,6,1
"=""#00093""","=""P100254-2""","2018-03-16 14:49:59",7.031,277.71,6,1
"=""#00093""","=""P100254-2""","2018-03-17 02:52:20",7.025,280.03,6,1
"=""#00093""","=""P100254-2""","2018-03-17 14:54:23",7.033,283.03,6,1
"=""#00093""","=""P100254-2""","2018-03-18 02:56:37",7.031,284.81,6,1
"=""#00093""","=""P100254-2""","2018-03-18 14:58:44",7.033,282.22,7,1
"=""#00093""","=""P100254-2""","2018-03-19 03:00:52",7.03,279.12,7,1
"=""#00093""","=""P100254-2""","2018-03-19 15:04:20",7.032,280.93,7,1
"=""#00093""","=""P100254-2""","2018-03-20 03:06:46",7.029,281,7,1
"=""#00093""","=""P100254-2""","2018-03-20 15:09:06",7.032,273.52,7,1
"=""#00093""","=""P100254-2""","2018-03-21 03:11:19",7.028,274.74,7,1
"=""#00093""","=""P100254-2""","2018-03-21 15:13:34",7.028,273.11,7,1
"=""#00093""","=""P100254-2""","2018-03-22 03:15:52",7.035,272.86,7,1
"=""#00093""","=""P100254-2""","2018-03-22 15:18:16",7.029,275.69,7,1
"=""#00093""","=""P100254-2""","2018-03-23 03:20:36",7.033,276.64,7,1
"=""#00093""","=""P100254-2""","2018-03-23 15:22:54",7.032,275.2,7,1
"=""#00093""","=""P100254-2""","2018-03-24 03:25:10",7.029,276.61,7,1
"=""#00093""","=""P100254-2""","2018-03-24 15:27:37",7.031,277.9,8,1
"=""#00093""","=""P100254-2""","2018-03-25 03:29:36",7.029,281.97,8,1
"=""#00093""","=""P100254-2""","2018-03-25 15:31:50",7.032,280.31,8,1
"=""#00093""","=""P100254-2""","2018-03-26 03:34:17",7.03,277.61,8,1
"=""#00093""","=""P100254-2""","2018-03-26 15:36:43",7.029,277.62,8,1
"=""#00093""","=""P100254-2""","2018-03-27 03:39:06",7.036,279.18,8,1
"=""#00093""","=""P100254-2""","2018-03-27 15:41:15",7.032,280.34,8,1
"=""#00093""","=""P100254-2""","2018-03-28 03:43:00",7.033,280.37,8,1
"=""#00093""","=""P100254-2""","2018-03-28 15:44:55",7.033,280.28,8,1
"=""#00093""","=""P100254-2""","2018-03-29 03:47:16",7.03,279.93,8,1
"=""#00093""","=""P100254-2""","2018-03-29 15:49:24",7.026,280.9,8,1
"=""#00093""","=""P100254-2""","2018-03-30 03:51:38",7.029,280.81,8,1
"=""#00093""","=""P100254-2""","2018-03-30 15:56:00",7.028,280.56,8,1
"=""#00093""","=""P100254-2""","2018-03-31 04:01:00",7.031,278.93,8,1
"=""#00093""","=""P100254-2""","2018-03-31 16:05:21",7.032,277.77,8,1
"=""#00093""","=""P100254-2""","2018-04-01 04:07:41",7.033,278.77,8,1
"=""#00093""","=""P100254-2""","2018-04-01 16:09:49",7.032,278.81,8,1
"=""#00093""","=""P100254-2""","2018-04-02 04:11:57",7.034,278.87,8,1
"=""#00093""","=""P100254-2""","2018-04-02 16:14:03",7.03,277.68,8,1
"=""#00093""","=""P100254-2""","2018-04-03 04:16:49",7.034,277.74,8,1
"=""#00093""","=""P100254-2""","2018-04-03 16:19:28",7.031,277.36,8,1
"=""#00093""","=""P100254-2""","2018-04-04 04:21:54",7.033,282.28,8,1
"=""#00093""","=""P100254-2""","2018-04-04 16:23:54",7.029,285.87,8,1
"=""#00093""","=""P100254-2""","2018-04-05 04:26:05",7.03,285.22,8,1
"=""#00093""","=""P100254-2""","2018-04-05 16:28:24",7.027,284.31,8,1
"=""#00093""","=""P100254-2""","2018-04-06 04:30:46",7.035,285.06,8,1
"=""#00093""","=""P100254-2""","2018-04-06 16:33:15",7.029,285.25,6,1
"=""#00093""","=""P100254-2""","2018-04-07 04:35:38",7.033,289.25,6,1
"=""#00093""","=""P100254-2""","2018-04-07 16:37:53",7.035,292.72,6,1
"=""#00093""","=""P100254-2""","2018-04-08 04:42:03",7.032,291.27,5,1
"=""#00093""","=""P100254-2""","2018-04-08 16:44:22",7.034,288.25,5,1
"=""#00093""","=""P100254-2""","2018-04-09 04:46:42",7.029,289.32,5,1
"=""#00093""","=""P100254-2""","2018-04-09 16:48:56",7.03,286.81,5,1
"=""#00093""","=""P100254-2""","2018-04-10 04:51:16",7.034,289.75,5,1
"=""#00093""","=""P100254-2""","2018-04-10 16:53:31",7.026,287.69,5,1
"=""#00093""","=""P100254-2""","2018-04-11 04:55:25",7.034,288.72,5,1
"=""#00093""","=""P100254-2""","2018-04-11 16:57:42",7.031,287.03,5,1
"=""#00093""","=""P100254-2""","2018-04-12 04:59:26",7.032,288.19,5,1
"=""#00093""","=""P100254-2""","2018-04-12 17:02:04",7.03,286.78,5,1
"=""#00093""","=""P100254-2""","2018-04-13 05:04:29",7.031,286.94,5,1
"=""#00093""","=""P100254-2""","2018-04-13 17:06:35",7.029,286.44,5,1
"=""#00093""","=""P100254-2""","2018-04-14 05:09:03",7.033,291.06,5,1
"=""#00093""","=""P100254-2""","2018-04-14 17:10:52",7.028,290.78,5,1
"=""#00093""","=""P100254-2""","2018-04-15 05:13:29",7.027,289.16,4,1
"=""#00093""","=""P100254-2""","2018-04-15 17:15:30",7.031,288,4,1
"=""#00093""","=""P100254-2""","2018-04-16 05:17:55",7.031,287.37,4,1
"=""#00093""","=""P100254-2""","2018-04-16 17:20:08",7.03,285.87,4,1
"=""#00093""","=""P100254-2""","2018-04-17 05:22:30",7.031,285.72,4,1
"=""#00093""","=""P100254-2""","2018-04-17 17:24:40",7.027,286.85,4,1
"=""#00093""","=""P100254-2""","2018-04-18 05:30:05",7.03,286.5,4,1
"=""#00093""","=""P100254-2""","2018-04-18 17:32:15",7.032,285.16,4,1
"=""#00093""","=""P100254-2""","2018-04-19 05:34:29",7.031,285.12,4,1
"=""#00093""","=""P100254-2""","2018-04-19 17:36:17",7.03,283.31,4,1
"=""#00093""","=""P100254-2""","2018-04-20 05:38:37",7.025,283.94,4,1
"=""#00093""","=""P100254-2""","2018-04-20 17:40:28",7.032,283.94,4,1
"=""#00093""","=""P100254-2""","2018-04-21 05:55:57",7.029,283.87,4,1
"=""#00093""","=""P100254-2""","2018-04-21 17:58:22",7.03,284.94,4,1
"=""#00093""","=""P100254-2""","2018-04-22 06:00:49",7.028,284.22,4,1
"=""#00093""","=""P100254-2""","2018-04-22 18:03:16",7.029,286.78,3,1
"=""#00093""","=""P100254-2""","2018-04-23 06:05:28",7.029,287.03,3,1
"=""#00093""","=""P100254-2""","2018-04-23 22:36:40",7.029,286.81,3,1
"=""#00093""","=""P100254-2""","2018-04-24 10:39:03",7.028,286.94,3,1
"=""#00093""","=""P100254-2""","2018-04-24 22:41:25",7.031,286.47,3,1
"=""#00093""","=""P100254-2""","2018-04-25 10:54:03",7.03,285.31,3,1
"=""#00093""","=""P100254-2""","2018-04-25 23:03:10",7.036,285,3,1
"=""#00093""","=""P100254-2""","2018-04-26 11:05:36",7.032,282.72,3,1
"=""#00093""","=""P100254-2""","2018-04-26 23:07:33",7.036,284.94,3,1
"=""#00093""","=""P100254-2""","2018-04-27 11:12:29",7.033,284.52,3,1
"=""#00093""","=""P100254-2""","2018-04-27 23:14:50",7.031,285.66,3,1
"=""#00093""","=""P100254-2""","2018-04-28 11:17:06",7.03,282.44,3,1
"=""#00093""","=""P100254-2""","2018-04-28 23:18:51",7.03,284.2,3,1
"=""#00093""","=""P100254-2""","2018-04-29 11:20:23",7.032,284.47,3,1
"=""#00093""","=""P100254-2""","2018-04-29 23:21:59",7.031,284.15,3,1
"=""#00093""","=""P100254-2""","2018-04-30 11:24:02",7.029,284.88,3,1
"=""#00093""","=""P100254-2""","2018-04-30 23:26:37",7.028,284.63,3,1
"=""#00093""","=""P100254-2""","2018-05-01 11:28:47",7.032,284.63,3,1
"=""#00093""","=""P100254-2""","2018-05-01 23:30:50",7.028,284.72,3,1
"=""#00093""","=""P100254-2""","2018-05-02 11:33:02",7.028,284.59,3,1
"=""#00093""","=""P100254-2""","2018-05-02 23:35:09",7.023,284.5,3,1
"=""#00093""","=""P100254-2""","2018-05-03 11:37:18",7.032,284.41,3,1
"=""#00093""","=""P100254-2""","2018-05-03 23:39:22",7.029,285.31,3,1
"=""#00093""","=""P100254-2""","2018-05-04 11:41:17",7.027,285.84,3,1
"=""#00093""","=""P100254-2""","2018-05-04 23:43:19",7.031,287.09,3,1
"=""#00093""","=""P100254-2""","2018-05-05 11:45:20",7.032,286.66,3,1
"=""#00093""","=""P100254-2""","2018-05-05 23:47:13",7.029,287.06,3,1
"=""#00093""","=""P100254-2""","2018-05-06 11:49:09",7.028,287.13,3,1
"=""#00093""","=""P100254-2""","2018-05-06 23:51:15",7.03,287.09,3,1
"=""#00093""","=""P100254-2""","2018-05-07 11:53:25",7.026,285.94,3,1
"=""#00093""","=""P100254-2""","2018-05-07 23:55:28",7.026,286.22,3,1
"=""#00093""","=""P100254-2""","2018-05-08 11:57:35",7.028,285.94,3,1
"=""#00093""","=""P100254-2""","2018-05-08 23:59:43",7.029,286.84,3,1
"=""#00093""","=""P100254-2""","2018-05-09 12:01:49",7.03,285.59,3,1
"=""#00093""","=""P100254-2""","2018-05-10 00:04:06",7.028,285.87,3,1
"=""#00093""","=""P100254-2""","2018-05-10 12:06:01",7.031,285,3,1
"=""#00093""","=""P100254-2""","2018-05-11 00:07:56",7.031,282.51,3,1
"=""#00093""","=""P100254-2""","2018-05-11 12:10:04",7.028,284.5,3,1
"=""#00093""","=""P100254-2""","2018-05-12 00:12:14",7.034,284.63,3,1
"=""#00093""","=""P100254-2""","2018-05-12 12:14:09",7.028,284.13,3,1
"=""#00093""","=""P100254-2""","2018-05-13 00:16:07",7.029,284.94,3,1
"=""#00093""","=""P100254-2""","2018-05-13 12:18:20",7.032,284.85,3,1
"=""#00093""","=""P100254-2""","2018-05-14 00:20:23",7.03,282.37,3,1
"=""#00093""","=""P100254-2""","2018-05-14 12:22:16",7.029,283.72,3,1
"=""#00093""","=""P100254-2""","2018-05-15 00:24:35",7.028,285.06,3,1
"=""#00093""","=""P100254-2""","2018-05-15 12:37:16",7.03,283.88,3,1
"=""#00093""","=""P100254-2""","2018-05-16 00:39:45",7.033,288.38,3,1
"=""#00093""","=""P100254-2""","2018-05-16 12:41:49",7.027,286.94,3,1
"=""#00093""","=""P100254-2""","2018-05-17 00:43:59",7.029,286.22,3,1
"=""#00093""","=""P100254-2""","2018-05-17 12:46:16",7.03,286.28,3,1
"=""#00093""","=""P100254-2""","2018-05-18 00:48:25",7.029,285.28,3,1
"=""#00093""","=""P100254-2""","2018-05-18 12:50:36",7.026,284.69,3,1
"=""#00093""","=""P100254-2""","2018-05-19 00:52:44",7.035,284.72,3,1
"=""#00093""","=""P100254-2""","2018-05-19 12:54:39",7.029,285.03,3,1
"=""#00093""","=""P100254-2""","2018-05-20 00:56:52",7.028,284.66,3,1
"=""#00093""","=""P100254-2""","2018-05-20 12:59:12",7.027,284.37,3,1
"=""#00093""","=""P100254-2""","2018-05-21 01:01:16",7.031,284.41,3,1
"=""#00093""","=""P100254-2""","2018-05-21 13:03:22",7.026,284.09,3,1
"=""#00093""","=""P100254-2""","2018-05-22 01:05:41",7.03,284.28,3,1
"=""#00093""","=""P100254-2""","2018-05-22 13:07:19",7.028,273.65,3,1
"=""#00093""","=""P100254-2""","2018-05-23 01:09:25",7.033,273.29,3,1
"=""#00093""","=""P100254-2""","2018-05-23 13:11:39",7.028,277.31,3,1
"=""#00093""","=""P100254-2""","2018-05-24 01:13:54",7.034,277.24,3,1
"=""#00093""","=""P100254-2""","2018-05-24 13:15:39",7.03,278.27,3,1
"=""#00093""","=""P100254-2""","2018-05-25 01:18:11",7.032,277,3,1
"=""#00093""","=""P100254-2""","2018-05-25 13:20:25",7.026,277.71,3,1
"=""#00093""","=""P100254-2""","2018-05-26 01:22:34",7.026,281.78,3,1
"=""#00093""","=""P100254-2""","2018-05-26 13:24:48",7.034,278.82,3,1
"=""#00093""","=""P100254-2""","2018-05-27 01:26:55",7.03,280.9,3,1
"=""#00093""","=""P100254-2""","2018-05-27 13:28:54",7.031,280.9,3,1
"=""#00093""","=""P100254-2""","2018-05-28 01:31:12",7.033,281.28,3,1
"=""#00093""","=""P100254-2""","2018-05-28 13:33:24",7.027,281.31,3,1
"=""#00093""","=""P100254-2""","2018-05-29 01:35:34",7.029,281.68,3,1
"=""#00093""","=""P100254-2""","2018-05-29 13:37:32",7.029,282.4,3,1
"=""#00093""","=""P100254-2""","2018-05-30 01:39:52",7.028,281.46,3,1
"=""#00093""","=""P100254-2""","2018-05-30 13:42:00",7.032,282.03,3,1
"=""#00093""","=""P100254-2""","2018-05-31 01:44:07",7.032,282.09,3,1
"=""#00093""","=""P100254-2""","2018-05-31 13:45:56",7.027,283.72,3,1
"=""#00093""","=""P100254-2""","2018-06-01 01:48:11",7.029,282.22,3,1
"=""#00093""","=""P100254-2""","2018-06-01 13:50:11",7.03,281.43,3,1
"=""#00093""","=""P100254-2""","2018-06-02 01:52:49",7.027,281.46,3,1
"=""#00093""","=""P100254-2""","2018-06-02 13:54:45",7.029,280.87,3,1
"=""#00093""","=""P100254-2""","2018-06-03 01:56:54",7.029,282.06,3,1
"=""#00093""","=""P100254-2""","2018-06-03 13:58:49",7.033,281.15,3,1
"=""#00093""","=""P100254-2""","2018-06-04 02:00:34",7.03,280.81,3,1
"=""#00093""","=""P100254-2""","2018-06-04 14:10:54",7.031,281,3,1
"=""#00093""","=""P100254-2""","2018-06-05 02:12:56",7.033,280.21,3,1
"=""#00093""","=""P100254-2""","2018-06-26 15:55:41",7.026,282.65,3,1
"=""#00093""","=""P100254-2""","2018-06-27 03:57:38",7.031,283.9,4,1
"=""#00093""","=""P100254-2""","2018-06-27 15:59:48",7.029,284.35,4,1
"=""#00093""","=""P100254-2""","2018-06-28 04:01:49",7.028,284.69,4,1
"=""#00093""","=""P100254-2""","2018-06-28 16:04:03",7.028,284.22,4,1
"=""#00093""","=""P100254-2""","2018-06-29 04:05:56",7.03,287.31,4,1
"=""#00093""","=""P100254-2""","2018-06-29 16:08:02",7.03,286.72,4,1
"=""#00093""","=""P100254-2""","2018-06-30 04:10:35",7.03,287,4,1
"=""#00093""","=""P100254-2""","2018-06-30 16:12:55",7.028,287.69,4,1
"=""#00093""","=""P100254-2""","2018-07-01 04:15:05",7.032,287.31,4,1
"=""#00093""","=""P100254-2""","2018-07-01 16:17:17",7.03,288.63,4,1
"=""#00093""","=""P100254-2""","2018-07-02 04:19:26",7.032,289.53,4,1
"=""#00093""","=""P100254-2""","2018-07-02 16:21:44",7.029,288.97,4,1
"=""#00093""","=""P100254-2""","2018-07-03 04:24:31",7.033,290.06,4,1
"=""#00093""","=""P100254-2""","2018-07-03 16:26:39",7.028,289.53,4,1
"=""#00093""","=""P100254-2""","2018-07-04 04:28:44",7.028,288.22,4,1
"=""#00093""","=""P100254-2""","2018-07-04 16:31:01",7.028,287.37,4,1
"=""#00093""","=""P100254-2""","2018-07-05 04:33:13",7.025,290.03,4,1
"=""#00093""","=""P100254-2""","2018-07-05 16:34:58",7.031,289.84,4,1
"=""#00093""","=""P100254-2""","2018-07-06 04:37:26",7.03,289.75,4,1
"=""#00093""","=""P100254-2""","2018-07-06 16:39:42",7.025,287.72,4,1
"=""#00093""","=""P100254-2""","2018-07-07 04:41:48",7.029,283.25,4,1
"=""#00093""","=""P100254-2""","2018-07-07 16:44:00",7.025,287.37,4,1
"=""#00093""","=""P100254-2""","2018-07-08 04:46:06",7.033,287.94,4,1
"=""#00093""","=""P100254-2""","2018-07-08 16:48:13",7.028,287.09,4,1
"=""#00093""","=""P100254-2""","2018-07-09 04:50:47",7.027,287.66,4,1
"=""#00093""","=""P100254-2""","2018-07-09 16:53:42",7.027,284.84,4,1
"=""#00093""","=""P100254-2""","2018-07-10 04:57:41",7.03,283.72,5,1
"=""#00093""","=""P100254-2""","2018-07-10 17:00:47",7.024,283.56,5,1
"=""#00093""","=""P100254-2""","2018-07-11 05:04:04",7.032,283.84,5,1
"=""#00093""","=""P100254-2""","2018-07-11 17:07:39",7.03,283.94,5,1
"=""#00093""","=""P100254-2""","2018-07-12 05:09:58",7.032,283.56,5,1
"=""#00093""","=""P100254-2""","2018-07-12 17:12:17",7.023,284.47,5,1
"=""#00093""","=""P100254-2""","2018-07-13 05:15:52",7.032,280.71,5,1
"=""#00093""","=""P100254-2""","2018-07-13 17:18:47",7.025,281.06,5,1
"=""#00093""","=""P100254-2""","2018-07-14 05:21:39",7.029,281,5,1
"=""#00093""","=""P100254-2""","2018-07-14 17:24:32",7.025,276.36,5,1
"=""#00093""","=""P100254-2""","2018-07-15 05:27:14",7.031,283.56,5,1
"=""#00093""","=""P100254-2""","2018-07-15 17:30:11",7.029,281.4,5,1
"=""#00093""","=""P100254-2""","2018-07-16 05:32:49",7.031,281.09,5,1
"=""#00093""","=""P100254-2""","2018-07-16 17:35:22",7.034,281.65,5,1
"=""#00093""","=""P100254-2""","2018-07-17 05:38:24",7.037,282.53,5,1
"=""#00093""","=""P100254-2""","2018-07-17 17:41:02",7.029,281.81,5,1
"=""#00093""","=""P100254-2""","2018-07-18 05:43:49",7.03,282.31,5,1
"=""#00093""","=""P100254-2""","2018-07-18 17:51:49",7.032,282.56,5,1
"=""#00093""","=""P100254-2""","2018-07-19 06:00:52",7.023,281.87,5,1
"=""#00093""","=""P100254-2""","2018-07-19 18:04:08",7.032,281.97,5,1
"=""#00093""","=""P100254-2""","2018-07-20 06:07:44",7.026,281.93,5,1
"=""#00093""","=""P100254-2""","2018-07-20 18:10:20",7.027,283.28,5,1
"=""#00093""","=""P100254-2""","2018-07-21 06:13:31",7.033,282.59,5,1
"=""#00093""","=""P100254-2""","2018-07-21 18:16:38",7.025,282.59,5,1
"=""#00093""","=""P100254-2""","2018-07-22 06:18:55",7.031,282.03,5,1
"=""#00093""","=""P100254-2""","2018-07-22 18:21:56",7.025,283.25,5,1
"=""#00093""","=""P100254-2""","2018-07-23 06:24:44",7.028,283.25,5,1
"=""#00093""","=""P100254-2""","2018-07-23 18:27:46",7.027,282.65,5,1
"=""#00093""","=""P100254-2""","2018-07-24 06:30:44",7.025,283.25,5,1
"=""#00093""","=""P100254-2""","2018-07-24 18:33:21",7.029,282.4,5,1
"=""#00093""","=""P100254-2""","2018-07-25 06:35:55",7.025,282.65,5,1
"=""#00093""","=""P100254-2""","2018-07-25 18:41:06",7.031,282.97,4,1
"=""#00093""","=""P100254-2""","2018-07-26 06:43:52",7.027,281.34,4,1
"=""#00093""","=""P100254-2""","2018-07-26 18:46:38",7.024,281.4,5,1
"=""#00093""","=""P100254-2""","2018-07-27 07:11:11",7.024,281.03,5,1
"=""#00093""","=""P100254-2""","2018-07-27 19:15:08",7.026,280.09,5,1
"=""#00093""","=""P100254-2""","2018-07-28 07:17:32",7.026,279.46,5,1
"=""#00093""","=""P100254-2""","2018-07-28 19:20:17",7.025,280.4,5,1
"=""#00093""","=""P100254-2""","2018-07-29 07:23:09",7.023,280.74,5,1
"=""#00093""","=""P100254-2""","2018-07-29 19:25:44",7.023,281.06,6,1
"=""#00093""","=""P100254-2""","2018-07-30 07:28:26",7.025,280.4,5,1
"=""#00093""","=""P100254-2""","2018-07-30 19:30:51",7.031,280.49,5,1
"=""#00093""","=""P100254-2""","2018-07-31 07:33:16",7.024,283.47,6,1
"=""#00093""","=""P100254-2""","2018-07-31 19:35:56",7.029,283.34,6,1
"=""#00093""","=""P100254-2""","2018-08-01 07:38:30",7.027,284.09,8,1
"=""#00093""","=""P100254-2""","2018-08-01 19:40:57",7.029,282.31,8,1
"=""#00093""","=""P100254-2""","2018-08-02 07:44:04",7.029,283.19,8,1
"=""#00093""","=""P100254-2""","2018-08-02 19:47:32",7.027,283.84,8,1
"=""#00093""","=""P100254-2""","2018-08-03 07:50:21",7.025,283.9,7,1
"=""#00093""","=""P100254-2""","2018-08-03 19:53:02",7.03,282.9,7,1
"=""#00093""","=""P100254-2""","2018-08-04 07:55:22",7.024,282.59,6,1
"=""#00093""","=""P100254-2""","2018-08-04 19:57:36",7.028,282,6,1
"=""#00093""","=""P100254-2""","2018-08-05 08:00:27",7.022,281.84,6,1
"=""#00093""","=""P100254-2""","2018-08-05 20:02:48",7.029,281.97,6,1
"=""#00093""","=""P100254-2""","2018-08-06 08:05:02",7.023,281.84,6,1
"=""#00093""","=""P100254-2""","2018-08-06 20:07:10",7.027,281.25,6,1
"=""#00093""","=""P100254-2""","2018-08-07 08:09:40",7.023,280.34,6,1
"=""#00093""","=""P100254-2""","2018-08-07 20:12:06",7.022,280.43,6,1
"=""#00093""","=""P100254-2""","2018-08-08 08:14:36",7.024,280.68,6,1
"=""#00093""","=""P100254-2""","2018-08-08 20:17:00",7.028,281.4,6,1
"=""#00093""","=""P100254-2""","2018-08-09 08:19:06",7.026,281.4,6,1
"=""#00093""","=""P100254-2""","2018-08-09 20:21:05",7.025,282,6,1
"=""#00093""","=""P100254-2""","2018-08-10 08:23:44",7.029,281.06,6,1
"=""#00093""","=""P100254-2""","2018-08-10 20:26:32",7.026,281,6,1
"=""#00093""","=""P100254-2""","2018-08-11 08:28:57",7.023,281.59,6,1
"=""#00093""","=""P100254-2""","2018-08-11 20:31:02",7.021,281.93,6,1
"=""#00093""","=""P100254-2""","2018-08-12 08:33:27",7.032,282.86,6,1
"=""#00093""","=""P100254-2""","2018-08-12 20:35:51",7.028,283.5,6,1
"=""#00093""","=""P100254-2""","2018-08-13 08:38:27",7.025,283.81,6,1
"=""#00093""","=""P100254-2""","2018-08-13 20:40:50",7.023,283.15,6,1
"=""#00093""","=""P100254-2""","2018-08-14 08:43:14",7.024,284.03,6,1
"=""#00093""","=""P100254-2""","2018-08-14 20:45:14",7.022,277.49,6,1
"=""#00093""","=""P100254-2""","2018-08-15 08:47:32",7.022,274.8,6,1
"=""#00093""","=""P100254-2""","2018-08-15 20:50:04",7.024,273.72,6,1
"=""#00093""","=""P100254-2""","2018-08-16 08:52:44",7.03,275.08,6,1
"=""#00093""","=""P100254-2""","2018-08-16 20:55:50",7.026,274.48,6,1
"=""#00093""","=""P100254-2""","2018-08-17 08:58:28",7.027,274.8,6,1
"=""#00093""","=""P100254-2""","2018-08-17 21:01:16",7.022,274.74,6,1
"=""#00093""","=""P100254-2""","2018-08-18 09:03:37",7.02,274.39,6,1
"=""#00093""","=""P100254-2""","2018-08-18 21:06:27",7.018,274.7,6,1
"=""#00093""","=""P100254-2""","2018-08-19 09:08:50",7.019,274.87,6,1
"=""#00093""","=""P100254-2""","2018-08-19 21:11:34",7.025,274.61,6,1
"=""#00093""","=""P100254-2""","2018-08-20 09:14:05",7.022,275.02,6,1
"=""#00093""","=""P100254-2""","2018-08-20 21:18:08",7.022,274.11,6,1
"=""#00093""","=""P100254-2""","2018-08-21 09:20:26",7.023,277.9,6,1
"=""#00093""","=""P100254-2""","2018-08-21 21:23:02",7.02,277.87,6,1
"=""#00093""","=""P100254-2""","2018-08-22 09:25:20",7.022,276.71,6,1
"=""#00093""","=""P100254-2""","2018-08-22 21:27:36",7.022,278.52,6,1
"=""#00093""","=""P100254-2""","2018-08-23 09:30:25",7.022,278.21,6,1
"=""#00093""","=""P100254-2""","2018-08-23 21:33:07",7.023,279.18,6,1
"=""#00093""","=""P100254-2""","2018-08-24 09:35:26",7.025,276.58,6,1
"=""#00093""","=""P100254-2""","2018-08-24 21:38:00",7.024,276.9,6,1
"=""#00093""","=""P100254-2""","2018-08-25 09:40:52",7.027,276.68,6,1
"=""#00093""","=""P100254-2""","2018-08-25 21:43:19",7.027,277.65,6,1
"=""#00093""","=""P100254-2""","2018-08-26 09:46:06",7.024,278.27,6,1
"=""#00093""","=""P100254-2""","2018-08-26 21:48:53",7.026,278.43,5,1
"=""#00093""","=""P100254-2""","2018-08-27 09:51:33",7.022,277.93,5,1
"=""#00093""","=""P100254-2""","2018-08-27 21:54:11",7.023,277.93,5,1
"=""#00093""","=""P100254-2""","2018-08-28 09:56:49",7.027,278.9,5,1
"=""#00093""","=""P100254-2""","2018-08-28 21:59:23",7.026,278.84,5,1
"=""#00093""","=""P100254-2""","2018-08-29 10:02:05",7.032,277.71,5,1
"=""#00093""","=""P100254-2""","2018-08-29 22:04:39",7.031,278.33,5,1
"=""#00093""","=""P100254-2""","2018-08-30 10:07:13",7.027,278.87,5,1
"=""#00093""","=""P100254-2""","2018-08-30 22:09:27",7.021,276.64,5,1
"=""#00093""","=""P100254-2""","2018-08-31 10:11:33",7.026,276.99,5,1
"=""#00093""","=""P100254-2""","2018-08-31 22:14:25",7.029,277.15,5,1
"=""#00093""","=""P100254-2""","2018-09-01 10:16:57",7.022,276.39,5,1
"=""#00093""","=""P100254-2""","2018-09-01 22:19:42",7.023,276.61,5,1
"=""#00093""","=""P100254-2""","2018-09-02 10:22:19",7.022,277.33,5,1
"=""#00093""","=""P100254-2""","2018-09-02 22:25:16",7.023,276.99,5,1
"=""#00093""","=""P100254-2""","2018-09-03 10:28:01",7.021,277.36,5,1
"=""#00093""","=""P100254-2""","2018-09-03 22:30:47",7.026,276.96,5,1
"=""#00093""","=""P100254-2""","2018-10-08 13:36:29",7.022,277.71,3,1
"=""#00093""","=""P100254-2""","2018-10-09 01:42:31",7.027,278.12,3,1
"=""#00093""","=""P100254-2""","2018-10-09 13:45:32",7.022,278.71,3,1
"=""#00093""","=""P100254-2""","2018-10-10 01:49:00",7.029,280.28,3,1
"=""#00093""","=""P100254-2""","2018-10-10 13:51:34",7.027,278.46,3,1
"=""#00093""","=""P100254-2""","2018-10-11 01:54:51",7.029,281.65,3,1
"=""#00093""","=""P100254-2""","2018-10-11 13:58:04",7.029,279.69,3,1
"=""#00093""","=""P100254-2""","2018-10-12 02:01:21",7.023,279.62,3,1
"=""#00093""","=""P100254-2""","2018-10-12 14:04:13",7.026,279.5,3,1
"=""#00093""","=""P100254-2""","2018-10-13 02:07:56",7.027,281,3,1
"=""#00093""","=""P100254-2""","2018-10-13 14:10:19",7.021,280.62,3,1
"=""#00093""","=""P100254-2""","2018-10-14 02:13:20",7.027,278.9,3,1
"=""#00093""","=""P100254-2""","2018-10-14 14:16:08",7.02,280.65,3,1
"=""#00093""","=""P100254-2""","2018-10-15 02:18:42",7.025,280.68,3,1
"=""#00093""","=""P100254-2""","2018-10-15 14:21:43",7.025,279.99,3,1
"=""#00093""","=""P100254-2""","2018-10-16 02:24:44",7.021,278.3,3,1
"=""#00093""","=""P100254-2""","2018-10-16 14:27:43",7.024,276.21,3,1
"=""#00093""","=""P100254-2""","2018-10-17 02:30:34",7.025,273.58,3,1
"=""#00093""","=""P100254-2""","2018-10-17 14:33:21",7.019,274.3,3,1
"=""#00093""","=""P100254-2""","2018-10-18 02:35:54",7.021,272.98,2,1
"=""#00093""","=""P100254-2""","2018-10-18 14:38:12",7.018,272.48,2,1
"=""#00093""","=""P100254-2""","2018-10-19 02:40:23",7.024,271.04,2,1
"=""#00093""","=""P100254-2""","2018-10-19 14:43:52",7.024,270.82,3,1
"=""#00093""","=""P100254-2""","2018-10-20 02:46:51",7.024,270.7,3,1
"=""#00093""","=""P100254-2""","2018-10-20 14:49:43",7.024,271.38,3,1
"=""#00093""","=""P100254-2""","2018-10-21 02:52:21",7.022,267.59,3,1
"=""#00093""","=""P100254-2""","2018-10-21 14:54:36",7.021,277.49,3,1
"=""#00093""","=""P100254-2""","2018-10-22 02:58:31",7.022,278.21,3,1
"=""#00093""","=""P100254-2""","2018-10-22 15:01:15",7.021,277.37,3,1
"=""#00093""","=""P100254-2""","2018-10-23 03:04:07",7.024,276.24,3,1
"=""#00093""","=""P100254-2""","2018-10-23 15:06:57",7.024,276.37,3,1
"=""#00093""","=""P100254-2""","2018-10-24 03:09:47",7.03,273.73,3,1
"=""#00093""","=""P100254-2""","2018-10-24 15:12:30",7.024,275.14,3,1
"=""#00093""","=""P100254-2""","2018-10-25 03:14:55",7.022,262.92,3,1
"=""#00093""","=""P100254-2""","2018-10-25 15:17:41",7.018,263.55,3,1
"=""#00093""","=""P100254-2""","2018-10-26 03:20:06",7.024,270.72,3,1
"=""#00093""","=""P100254-2""","2018-10-26 15:23:01",7.025,270.98,3,1
"=""#00093""","=""P100254-2""","2018-10-27 03:25:53",7.025,267.03,3,1
"=""#00093""","=""P100254-2""","2018-10-27 15:28:44",7.026,271.39,3,1
"=""#00093""","=""P100254-2""","2018-10-28 03:31:08",7.022,270.79,3,1
"=""#00093""","=""P100254-2""","2018-10-28 15:33:35",7.022,274.11,3,1
"=""#00093""","=""P100254-2""","2018-10-29 03:36:24",7.024,276.74,3,1
"=""#00093""","=""P100254-2""","2018-10-29 15:39:33",7.024,277.57,3,1
"=""#00093""","=""P100254-2""","2018-10-30 03:42:22",7.024,278.24,3,1
"=""#00093""","=""P100254-2""","2018-10-30 15:45:38",7.022,270.95,3,1
"=""#00093""","=""P100254-2""","2018-10-31 03:49:15",7.022,271.26,2,1
"=""#00093""","=""P100254-2""","2018-10-31 15:51:38",7.022,265.83,3,1
"=""#00093""","=""P100254-2""","2018-11-01 03:54:03",7.015,262.96,3,1
"=""#00093""","=""P100254-2""","2018-11-01 15:56:22",7.022,266.31,3,1
"=""#00093""","=""P100254-2""","2018-11-02 03:59:19",7.022,269.63,3,1
"=""#00093""","=""P100254-2""","2018-11-02 16:01:48",7.019,269.28,3,1
"=""#00093""","=""P100254-2""","2018-11-03 04:05:47",7.02,263.08,3,1
"=""#00093""","=""P100254-2""","2018-11-03 16:08:25",7.019,268.16,3,1
"=""#00093""","=""P100254-2""","2018-11-04 04:11:22",7.021,265.65,3,1
"=""#00093""","=""P100254-2""","2018-11-04 16:14:33",7.02,270.22,3,1
"=""#00093""","=""P100254-2""","2018-11-05 04:16:27",7.02,269.44,3,1
"=""#00093""","=""P100254-2""","2018-11-05 16:19:31",7.017,269.41,3,1
"=""#00093""","=""P100254-2""","2018-11-06 04:22:29",7.021,271.07,3,1
"=""#00093""","=""P100254-2""","2018-11-06 16:25:06",7.019,270.7,3,1
"=""#00093""","=""P100254-2""","2018-11-07 04:28:08",7.02,270.95,3,1
"=""#00093""","=""P100254-2""","2018-11-07 16:31:17",7.018,266.13,3,1
"=""#00093""","=""P100254-2""","2018-11-08 04:34:27",7.019,262.29,3,1
"=""#00093""","=""P100254-2""","2018-11-08 16:37:23",7.019,269.85,3,1
"=""#00093""","=""P100254-2""","2018-11-09 04:41:17",7.022,269.78,3,1
"=""#00093""","=""P100254-2""","2018-11-09 16:44:24",7.026,269.29,3,1
"=""#00093""","=""P100254-2""","2018-11-10 04:47:46",7.023,268.97,3,1
"=""#00093""","=""P100254-2""","2018-11-10 16:50:31",7.019,272.04,3,1
"=""#00093""","=""P100254-2""","2018-11-11 04:53:25",7.02,273.17,3,1
"=""#00093""","=""P100254-2""","2018-11-11 16:56:07",7.02,271.29,3,1
"=""#00093""","=""P100254-2""","2018-11-12 04:59:14",7.023,272.54,3,1
"=""#00093""","=""P100254-2""","2018-11-12 17:02:01",7.026,272.86,3,1
"=""#00093""","=""P100254-2""","2018-11-13 05:04:57",7.021,273.29,3,1
"=""#00093""","=""P100254-2""","2018-11-13 17:08:05",7.028,273.17,3,1
"=""#00093""","=""P100254-2""","2018-11-14 05:11:22",7.024,273.83,3,1
"=""#00093""","=""P100254-2""","2018-11-14 17:14:52",7.026,272.07,3,1
"=""#00093""","=""P100254-2""","2018-11-15 05:17:21",7.022,273.92,3,1
"=""#00093""","=""P100254-2""","2018-11-15 17:19:37",7.02,273.89,3,1
"=""#00093""","=""P100254-2""","2018-11-16 05:22:01",7.023,274.83,3,1
